Category Name,Program Name,Program Offering Name,Semester Name,Waiver Status Text,Registration Status Text,Registration Number,Locations,Is On Waiting List,Id Number,External Id Number,Email Address,Head Of Household,Head Of Household Email,Head Of Household Phone,Head Of Household Address,Phone Number,Preferred Name,First Name,Last Name,Gender,Date Of Birth,Order Number,Invoice Number,Amount Paid,Balance Owing,Date Registered,Program Instance Start Date,Program Instance End Date,Emergency Contacts,Authorized Pickup People
Caving,Wind Cave Adventure,11/19 Wind Cave Adventure,Fall Semester 2022,Not Required,Paid,R-13565,,Unchecked,M-12345,112950798,mloughry@umd.edu,,,,,3012264456,,John,Doe,,1990-01-01,O-30190,I-28656,35,,2022-08-29 6:01t,,,Jane Doe 8088675309,
Caving,Wind Cave Adventure,11/19 Wind Cave Adventure,Fall Semester 2022,Not Required,Paid,R-13505,,Unchecked,M-12345,112950798,mloughry@umd.edu,,,,,3012264456,3012264456,John,Doe,Female,1990-01-01,O-30157,I-28631,35,,2022-08-29 6:00t,,,Jane Doe 8088675309,
Caving,Wind Cave Adventure,11/19 Wind Cave Adventure,Fall Semester 2022,Not Required,Paid,R-13557,,Unchecked,M-12345,112950798,mloughry@umd.edu,,,,,3012264456,3012264456,John,Doe,N/A,1990-01-01,O-30168,I-28646,35,,2022-08-29 6:01t,,,Jane Doe 8088675309,
Caving,Wind Cave Adventure,11/19 Wind Cave Adventure,Fall Semester 2022,Not Required,Paid,R-30742,,Unchecked,M-12345,112950798,mloughry@umd.edu,,,,,3012264456,3012264456,John,Doe,N/A,1990-01-01,O-55114,I-51389,35,,2022-11-14 12:56t,,,Jane Doe 8088675309,
Caving,Wind Cave Adventure,11/19 Wind Cave Adventure,Fall Semester 2022,Not Required,Paid,R-30432,,Unchecked,M-12345,112950798,mloughry@umd.edu,,,,,3012264456,3012264456,John,Doe,Male,1990-01-01,O-54640,I-50946,35,,2022-11-11 22:47t,,,Jane Doe 8088675309,
Caving,Wind Cave Adventure,11/19 Wind Cave Adventure,Fall Semester 2022,Not Required,Paid,R-24673,,Unchecked,M-12345,112950798,mloughry@umd.edu,,,,,3012264456,3012264456,John,Doe,Male,1990-01-01,O-46800,I-43673,35,,2022-10-13 11:10t,,,Jane Doe 8088675309,
Caving,Wind Cave Adventure,11/19 Wind Cave Adventure,Fall Semester 2022,Not Required,Paid,R-30734,,Unchecked,M-12345,112950798,mloughry@umd.edu,,,,,3012264456,3012264456,John,Doe,Male,1990-01-01,O-55106,I-51380,35,,2022-11-14 12:32t,,,Jane Doe 8088675309,
Caving,Wind Cave Adventure,11/19 Wind Cave Adventure,Fall Semester 2022,Not Required,Paid,R-13569,,Unchecked,M-12345,112950798,mloughry@umd.edu,,,,,3012264456,3012264456,John,Doe,Male,1990-01-01,O-30171,I-28612,35,,2022-08-29 6:01t,,,Jane Doe 8088675309,
Caving,Wind Cave Adventure,11/19 Wind Cave Adventure,Fall Semester 2022,Not Required,Paid,R-13541,,Unchecked,M-12345,112950798,mloughry@umd.edu,,,,,3012264456,3012264456,John,Doe,Male,1990-01-01,O-30189,I-28584,35,,2022-08-29 6:00t,,,Jane Doe 8088675309,
Caving,Wind Cave Adventure,11/19 Wind Cave Adventure,Fall Semester 2022,Not Required,Paid,R-13570,,Unchecked,M-12345,112950798,mloughry@umd.edu,,,,,3012264456,3012264456,John,Doe,Male,1990-01-01,O-30205,I-28637,35,,2022-08-29 6:01t,,,Jane Doe 8088675309,
Caving,Wind Cave Adventure,11/19 Wind Cave Adventure,Fall Semester 2022,Not Required,Paid,R-13503,,Unchecked,M-12345,112950798,mloughry@umd.edu,,,,,3012264456,3012264456,John,Doe,Male,1990-01-01,O-30155,I-28591,35,,2022-08-29 6:00t,,,Jane Doe 8088675309,
 , , , , , , , , , , , , , , , , , , , , , , , , , , , , , , 